{"1001": {"name": "Azithral", "quantity": 45, "bin no": "B1", "expiry date": "2022-12-23", "cost": 3}, "1002": {"name": "Crocin", "quantity": 43, "bin no": "B1", "expiry date": "2022-08-14", "cost": 5}, "1003": {"name": "Cetrizine", "quantity": 88, "bin no": "B2", "expiry date": "2022-07-23", "cost": 8}, "1004": {"name": "Strepsils", "quantity": 2, "bin no": "B4", "expiry date": "2023-04-14", "cost": 5}, "1005": {"name": "Desoft eye drops", "quantity": 11, "bin no": "B3", "expiry date": "2022-12-23", "cost": 20}, "1006": {"name": "Rantac", "quantity": 36, "bin no": "B3", "expiry date": "2023-04-14", "cost": 2}, "1007": {"name": "Soframycin", "quantity": 100, "bin no": "B5", "expiry date": "2022-12-23", "cost": 25}, "1008": {"name": "Epiduo", "quantity": 60, "bin no": "B6", "expiry date": "2023-04-14", "cost": 100}, "1009": {"name": "Volini spray", "quantity": 100, "bin no": "B7", "expiry date": "2022-12-23", "cost": 60}, "1010": {"name": "Zincovit", "quantity": 37, "bin no": "B8", "expiry date": "2023-04-14", "cost": 6}}